timestamp,expiry,spot,risk_free_rate,strike,bid,ask,T,type,volume,open_interest
2026-08-27 02:17:00.799266+00:00,2026-09-02,766.0800170898438,0.04,565.0,200.73,202.76,0.016177676329718418,C,1,1
2026-08-27 02:17:00.799266+00:00,2026-09-02,766.0800170898438,0.04,700.0,65.83,67.93,0.016177676329718418,C,2,2
2026-08-27 02:17:00.799266+00:00,2026-09-02,766.0800170898438,0.04,705.0,60.84,62.94,0.016177676329718418,C,,1
2026-08-27 02:17:00.799266+00:00,2026-09-02,766.0800170898438,0.04,710.0,55.89,57.96,0.016177676329718418,C,,1
2026-08-27 02:17:00.799266+00:00,2026-09-02,766.0800170898438,0.04,718.0,47.88,50.0,0.016177676329718418,C,1,1
2026-08-27 02:17:00.799266+00:00,2026-09-02,766.0800170898438,0.04,720.0,45.94,48.01,0.016177676329718418,C,4,5
2026-08-27 02:17:00.799266+00:00,2026-09-02,766.0800170898438,0.04,734.0,32.02,34.18,0.016177676329718418,C,,1
2026-08-27 02:17:00.799266+00:00,2026-09-02,766.0800170898438,0.04,743.0,23.26,25.47,0.016177676329718418,C,158,53
2026-08-27 02:17:00.799266+00:00,2026-09-02,766.0800170898438,0.04,747.0,19.44,22.48,0.016177676329718418,C,41,32
2026-08-27 02:17:00.799266+00:00,2026-09-02,766.0800170898438,0.04,748.0,18.75,21.5,0.016177676329718418,C,15,2
2026-08-27 02:17:00.799266+00:00,2026-09-02,766.0800170898438,0.04,749.0,17.94,20.5,0.016177676329718418,C,308,74
2026-08-27 02:17:00.799266+00:00,2026-09-02,766.0800170898438,0.04,750.0,17.86,18.61,0.016177676329718418,C,310,26
2026-08-27 02:17:00.799266+00:00,2026-09-02,766.0800170898438,0.04,751.0,17.32,17.66,0.016177676329718418,C,,69
2026-08-27 02:17:00.799266+00:00,2026-09-02,766.0800170898438,0.04,752.0,16.43,16.75,0.016177676329718418,C,2,0
2026-08-27 02:17:00.799266+00:00,2026-09-02,766.0800170898438,0.04,753.0,15.53,15.85,0.016177676329718418,C,6,1
2026-08-27 02:17:00.799266+00:00,2026-09-02,766.0800170898438,0.04,754.0,14.67,14.98,0.016177676329718418,C,370,67
2026-08-27 02:17:00.799266+00:00,2026-09-02,766.0800170898438,0.04,755.0,13.8,14.11,0.016177676329718418,C,1171,13
2026-08-27 02:17:00.799266+00:00,2026-09-02,766.0800170898438,0.04,756.0,12.95,13.24,0.016177676329718418,C,15,14
2026-08-27 02:17:00.799266+00:00,2026-09-02,766.0800170898438,0.04,757.0,12.11,12.41,0.016177676329718418,C,39,68
2026-08-27 02:17:00.799266+00:00,2026-09-02,766.0800170898438,0.04,758.0,11.3,11.59,0.016177676329718418,C,33,4
2026-08-27 02:17:00.799266+00:00,2026-09-02,766.0800170898438,0.04,759.0,10.5,10.79,0.016177676329718418,C,80,32
2026-08-27 02:17:00.799266+00:00,2026-09-02,766.0800170898438,0.04,760.0,9.72,10.0,0.016177676329718418,C,68,26
2026-08-27 02:17:00.799266+00:00,2026-09-02,766.0800170898438,0.04,761.0,8.98,9.25,0.016177676329718418,C,93,83
2026-08-27 02:17:00.799266+00:00,2026-09-02,766.0800170898438,0.04,762.0,8.26,8.49,0.016177676329718418,C,63,127
2026-08-27 02:17:00.799266+00:00,2026-09-02,766.0800170898438,0.04,763.0,7.52,7.78,0.016177676329718418,C,110,33
2026-08-27 02:17:00.799266+00:00,2026-09-02,766.0800170898438,0.04,764.0,6.84,7.08,0.016177676329718418,C,972,257
2026-08-27 02:17:00.799266+00:00,2026-09-02,766.0800170898438,0.04,765.0,6.2,6.44,0.016177676329718418,C,901,143
2026-08-27 02:17:00.799266+00:00,2026-09-02,766.0800170898438,0.04,766.0,5.6,5.8,0.016177676329718418,C,1232,700
2026-08-27 02:17:00.799266+00:00,2026-09-02,766.0800170898438,0.04,767.0,4.98,5.21,0.016177676329718418,C,1344,263
2026-08-27 02:17:00.799266+00:00,2026-09-02,766.0800170898438,0.04,768.0,4.48,4.64,0.016177676329718418,C,700,405
2026-08-27 02:17:00.799266+00:00,2026-09-02,766.0800170898438,0.04,769.0,3.98,4.07,0.016177676329718418,C,410,403
2026-08-27 02:17:00.799266+00:00,2026-09-02,766.0800170898438,0.04,770.0,3.51,3.58,0.016177676329718418,C,1625,673
2026-08-27 02:17:00.799266+00:00,2026-09-02,766.0800170898438,0.04,771.0,3.05,3.13,0.016177676329718418,C,206,427
2026-08-27 02:17:00.799266+00:00,2026-09-02,766.0800170898438,0.04,772.0,2.64,2.72,0.016177676329718418,C,846,381
2026-08-27 02:17:00.799266+00:00,2026-09-02,766.0800170898438,0.04,773.0,2.26,2.34,0.016177676329718418,C,419,498
2026-08-27 02:17:00.799266+00:00,2026-09-02,766.0800170898438,0.04,774.0,1.93,2.0,0.016177676329718418,C,164,557
2026-08-27 02:17:00.799266+00:00,2026-09-02,766.0800170898438,0.04,775.0,1.63,1.67,0.016177676329718418,C,1605,683
2026-08-27 02:17:00.799266+00:00,2026-09-02,766.0800170898438,0.04,776.0,1.36,1.42,0.016177676329718418,C,592,436
2026-08-27 02:17:00.799266+00:00,2026-09-02,766.0800170898438,0.04,777.0,1.12,1.18,0.016177676329718418,C,185,524
2026-08-27 02:17:00.799266+00:00,2026-09-02,766.0800170898438,0.04,778.0,0.92,0.97,0.016177676329718418,C,187,334
2026-08-27 02:17:00.799266+00:00,2026-09-02,766.0800170898438,0.04,779.0,0.74,0.8,0.016177676329718418,C,182,117
2026-08-27 02:17:00.799266+00:00,2026-09-02,766.0800170898438,0.04,780.0,0.6,0.63,0.016177676329718418,C,659,805
2026-08-27 02:17:00.799266+00:00,2026-09-02,766.0800170898438,0.04,781.0,0.47,0.51,0.016177676329718418,C,248,166
2026-08-27 02:17:00.799266+00:00,2026-09-02,766.0800170898438,0.04,782.0,0.38,0.41,0.016177676329718418,C,314,229
2026-08-27 02:17:00.799266+00:00,2026-09-02,766.0800170898438,0.04,783.0,0.3,0.33,0.016177676329718418,C,291,98
2026-08-27 02:17:00.799266+00:00,2026-09-02,766.0800170898438,0.04,784.0,0.23,0.26,0.016177676329718418,C,444,137
2026-08-27 02:17:00.799266+00:00,2026-09-02,766.0800170898438,0.04,785.0,0.2,0.21,0.016177676329718418,C,143,362
2026-08-27 02:17:00.799266+00:00,2026-09-02,766.0800170898438,0.04,786.0,0.16,0.17,0.016177676329718418,C,72,128
2026-08-27 02:17:00.799266+00:00,2026-09-02,766.0800170898438,0.04,787.0,0.12,0.13,0.016177676329718418,C,46,137
2026-08-27 02:17:00.799266+00:00,2026-09-02,766.0800170898438,0.04,788.0,0.1,0.11,0.016177676329718418,C,68,150
2026-08-27 02:17:00.799266+00:00,2026-09-02,766.0800170898438,0.04,789.0,0.08,0.09,0.016177676329718418,C,17,78
2026-08-27 02:17:00.799266+00:00,2026-09-02,766.0800170898438,0.04,790.0,0.07,0.08,0.016177676329718418,C,84,195
2026-08-27 02:17:00.799266+00:00,2026-09-02,766.0800170898438,0.04,791.0,0.06,0.07,0.016177676329718418,C,45,121
2026-08-27 02:17:00.799266+00:00,2026-09-02,766.0800170898438,0.04,792.0,0.05,0.06,0.016177676329718418,C,12,46
2026-08-27 02:17:00.799266+00:00,2026-09-02,766.0800170898438,0.04,793.0,0.04,0.05,0.016177676329718418,C,38,58
2026-08-27 02:17:00.799266+00:00,2026-09-02,766.0800170898438,0.04,794.0,0.04,0.05,0.016177676329718418,C,14,9
2026-08-27 02:17:00.799266+00:00,2026-09-02,766.0800170898438,0.04,795.0,0.03,0.04,0.016177676329718418,C,29,601
2026-08-27 02:17:00.799266+00:00,2026-09-02,766.0800170898438,0.04,796.0,0.03,0.04,0.016177676329718418,C,23,19
2026-08-27 02:17:00.799266+00:00,2026-09-02,766.0800170898438,0.04,797.0,0.03,0.04,0.016177676329718418,C,14,12
2026-08-27 02:17:00.799266+00:00,2026-09-02,766.0800170898438,0.04,798.0,0.03,0.04,0.016177676329718418,C,16,24
2026-08-27 02:17:00.799266+00:00,2026-09-02,766.0800170898438,0.04,799.0,0.03,0.04,0.016177676329718418,C,45,7
2026-08-27 02:17:00.799266+00:00,2026-09-02,766.0800170898438,0.04,800.0,0.02,0.03,0.016177676329718418,C,49,168
2026-08-27 02:17:00.799266+00:00,2026-09-02,766.0800170898438,0.04,801.0,0.02,0.03,0.016177676329718418,C,9,20
2026-08-27 02:17:00.799266+00:00,2026-09-02,766.0800170898438,0.04,802.0,0.02,0.03,0.016177676329718418,C,4,16
2026-08-27 02:17:00.799266+00:00,2026-09-02,766.0800170898438,0.04,803.0,0.02,0.03,0.016177676329718418,C,,100
2026-08-27 02:17:00.799266+00:00,2026-09-02,766.0800170898438,0.04,804.0,0.02,0.03,0.016177676329718418,C,1974,1059
2026-08-27 02:17:00.799266+00:00,2026-09-02,766.0800170898438,0.04,805.0,0.02,0.03,0.016177676329718418,C,1994,1091
2026-08-27 02:17:00.799266+00:00,2026-09-02,766.0800170898438,0.04,806.0,0.02,0.03,0.016177676329718418,C,,24
2026-08-27 02:17:00.799266+00:00,2026-09-02,766.0800170898438,0.04,808.0,0.02,0.03,0.016177676329718418,C,,12
2026-08-27 02:17:00.799266+00:00,2026-09-02,766.0800170898438,0.04,809.0,0.02,0.03,0.016177676329718418,C,5,152
2026-08-27 02:17:00.799266+00:00,2026-09-02,766.0800170898438,0.04,810.0,0.02,0.03,0.016177676329718418,C,10,85
2026-08-27 02:17:00.799266+00:00,2026-09-02,766.0800170898438,0.04,815.0,0.01,0.02,0.016177676329718418,C,24,24
2026-08-27 02:17:00.799266+00:00,2026-09-02,766.0800170898438,0.04,820.0,0.01,0.02,0.016177676329718418,C,,48
2026-08-27 02:17:00.799266+00:00,2026-09-02,766.0800170898438,0.04,825.0,0.01,0.02,0.016177676329718418,C,24,24
2026-08-27 02:17:00.799266+00:00,2026-09-02,766.0800170898438,0.04,835.0,0.01,0.02,0.016177676329718418,C,,49
2026-08-27 02:17:00.799266+00:00,2026-09-02,766.0800170898438,0.04,895.0,0.0,0.01,0.016177676329718418,C,754,2499
2026-08-27 02:17:00.799266+00:00,2026-09-02,766.0800170898438,0.04,900.0,0.0,0.01,0.016177676329718418,C,,528
2026-08-27 02:17:00.799266+00:00,2026-09-02,766.0800170898438,0.04,905.0,0.0,0.01,0.016177676329718418,C,,100
2026-08-27 02:17:00.799266+00:00,2026-09-02,766.0800170898438,0.04,910.0,0.0,0.01,0.016177676329718418,C,,408
2026-08-27 02:17:00.799266+00:00,2026-09-02,766.0800170898438,0.04,915.0,0.0,0.01,0.016177676329718418,C,,781
2026-08-27 02:17:00.799266+00:00,2026-09-02,766.0800170898438,0.04,510.0,0.0,0.01,0.016177676329718418,P,20,20
2026-08-27 02:17:00.799266+00:00,2026-09-02,766.0800170898438,0.04,555.0,0.0,0.01,0.016177676329718418,P,,1700
2026-08-27 02:17:00.799266+00:00,2026-09-02,766.0800170898438,0.04,560.0,0.0,0.01,0.016177676329718418,P,,1700
2026-08-27 02:17:00.799266+00:00,2026-09-02,766.0800170898438,0.04,590.0,0.0,0.01,0.016177676329718418,P,70,114
2026-08-27 02:17:00.799266+00:00,2026-09-02,766.0800170898438,0.04,615.0,0.0,0.01,0.016177676329718418,P,545,1
2026-08-27 02:17:00.799266+00:00,2026-09-02,766.0800170898438,0.04,620.0,0.0,0.01,0.016177676329718418,P,1000,80
2026-08-27 02:17:00.799266+00:00,2026-09-02,766.0800170898438,0.04,645.0,0.01,0.02,0.016177676329718418,P,24,24
2026-08-27 02:17:00.799266+00:00,2026-09-02,766.0800170898438,0.04,660.0,0.02,0.03,0.016177676329718418,P,6,6
2026-08-27 02:17:00.799266+00:00,2026-09-02,766.0800170898438,0.04,670.0,0.02,0.03,0.016177676329718418,P,24,130
2026-08-27 02:17:00.799266+00:00,2026-09-02,766.0800170898438,0.04,680.0,0.03,0.04,0.016177676329718418,P,5,3
2026-08-27 02:17:00.799266+00:00,2026-09-02,766.0800170898438,0.04,685.0,0.03,0.04,0.016177676329718418,P,3,2
2026-08-27 02:17:00.799266+00:00,2026-09-02,766.0800170898438,0.04,690.0,0.03,0.04,0.016177676329718418,P,7,6
2026-08-27 02:17:00.799266+00:00,2026-09-02,766.0800170898438,0.04,695.0,0.04,0.05,0.016177676329718418,P,1,99
2026-08-27 02:17:00.799266+00:00,2026-09-02,766.0800170898438,0.04,700.0,0.04,0.05,0.016177676329718418,P,8,141
2026-08-27 02:17:00.799266+00:00,2026-09-02,766.0800170898438,0.04,705.0,0.05,0.06,0.016177676329718418,P,39,97
2026-08-27 02:17:00.799266+00:00,2026-09-02,766.0800170898438,0.04,710.0,0.06,0.07,0.016177676329718418,P,53,217
2026-08-27 02:17:00.799266+00:00,2026-09-02,766.0800170898438,0.04,715.0,0.07,0.08,0.016177676329718418,P,1005,133
2026-08-27 02:17:00.799266+00:00,2026-09-02,766.0800170898438,0.04,718.0,0.08,0.09,0.016177676329718418,P,3,186
2026-08-27 02:17:00.799266+00:00,2026-09-02,766.0800170898438,0.04,719.0,0.08,0.1,0.016177676329718418,P,10,164
2026-08-27 02:17:00.799266+00:00,2026-09-02,766.0800170898438,0.04,720.0,0.09,0.1,0.016177676329718418,P,28,28
2026-08-27 02:17:00.799266+00:00,2026-09-02,766.0800170898438,0.04,721.0,0.09,0.1,0.016177676329718418,P,1,1
2026-08-27 02:17:00.799266+00:00,2026-09-02,766.0800170898438,0.04,722.0,0.1,0.11,0.016177676329718418,P,2,143
2026-08-27 02:17:00.799266+00:00,2026-09-02,766.0800170898438,0.04,723.0,0.1,0.11,0.016177676329718418,P,997,993
2026-08-27 02:17:00.799266+00:00,2026-09-02,766.0800170898438,0.04,724.0,0.11,0.12,0.016177676329718418,P,2,108
2026-08-27 02:17:00.799266+00:00,2026-09-02,766.0800170898438,0.04,725.0,0.12,0.13,0.016177676329718418,P,8,35
2026-08-27 02:17:00.799266+00:00,2026-09-02,766.0800170898438,0.04,726.0,0.12,0.13,0.016177676329718418,P,13,27
2026-08-27 02:17:00.799266+00:00,2026-09-02,766.0800170898438,0.04,727.0,0.13,0.14,0.016177676329718418,P,2,2
2026-08-27 02:17:00.799266+00:00,2026-09-02,766.0800170898438,0.04,728.0,0.14,0.15,0.016177676329718418,P,1,2
2026-08-27 02:17:00.799266+00:00,2026-09-02,766.0800170898438,0.04,729.0,0.15,0.16,0.016177676329718418,P,20,49
2026-08-27 02:17:00.799266+00:00,2026-09-02,766.0800170898438,0.04,730.0,0.16,0.17,0.016177676329718418,P,5,206
2026-08-27 02:17:00.799266+00:00,2026-09-02,766.0800170898438,0.04,731.0,0.17,0.18,0.016177676329718418,P,7,39
2026-08-27 02:17:00.799266+00:00,2026-09-02,766.0800170898438,0.04,732.0,0.18,0.19,0.016177676329718418,P,3,65
2026-08-27 02:17:00.799266+00:00,2026-09-02,766.0800170898438,0.04,733.0,0.19,0.2,0.016177676329718418,P,210,58
2026-08-27 02:17:00.799266+00:00,2026-09-02,766.0800170898438,0.04,734.0,0.21,0.22,0.016177676329718418,P,46,156
2026-08-27 02:17:00.799266+00:00,2026-09-02,766.0800170898438,0.04,735.0,0.22,0.24,0.016177676329718418,P,83,121
2026-08-27 02:17:00.799266+00:00,2026-09-02,766.0800170898438,0.04,736.0,0.24,0.25,0.016177676329718418,P,154,157
2026-08-27 02:17:00.799266+00:00,2026-09-02,766.0800170898438,0.04,737.0,0.26,0.28,0.016177676329718418,P,68,21
2026-08-27 02:17:00.799266+00:00,2026-09-02,766.0800170898438,0.04,738.0,0.29,0.3,0.016177676329718418,P,34,57
2026-08-27 02:17:00.799266+00:00,2026-09-02,766.0800170898438,0.04,739.0,0.31,0.32,0.016177676329718418,P,138,80
2026-08-27 02:17:00.799266+00:00,2026-09-02,766.0800170898438,0.04,740.0,0.34,0.35,0.016177676329718418,P,175,373
2026-08-27 02:17:00.799266+00:00,2026-09-02,766.0800170898438,0.04,741.0,0.36,0.38,0.016177676329718418,P,250,62
2026-08-27 02:17:00.799266+00:00,2026-09-02,766.0800170898438,0.04,742.0,0.39,0.42,0.016177676329718418,P,935,133
2026-08-27 02:17:00.799266+00:00,2026-09-02,766.0800170898438,0.04,743.0,0.43,0.46,0.016177676329718418,P,143,102
2026-08-27 02:17:00.799266+00:00,2026-09-02,766.0800170898438,0.04,744.0,0.47,0.51,0.016177676329718418,P,101,105
2026-08-27 02:17:00.799266+00:00,2026-09-02,766.0800170898438,0.04,745.0,0.51,0.55,0.016177676329718418,P,212,543
2026-08-27 02:17:00.799266+00:00,2026-09-02,766.0800170898438,0.04,746.0,0.57,0.61,0.016177676329718418,P,556,244
2026-08-27 02:17:00.799266+00:00,2026-09-02,766.0800170898438,0.04,747.0,0.62,0.67,0.016177676329718418,P,362,70
2026-08-27 02:17:00.799266+00:00,2026-09-02,766.0800170898438,0.04,748.0,0.69,0.73,0.016177676329718418,P,132,132
2026-08-27 02:17:00.799266+00:00,2026-09-02,766.0800170898438,0.04,749.0,0.76,0.8,0.016177676329718418,P,228,188
2026-08-27 02:17:00.799266+00:00,2026-09-02,766.0800170898438,0.04,750.0,0.84,0.89,0.016177676329718418,P,4632,4137
2026-08-27 02:17:00.799266+00:00,2026-09-02,766.0800170898438,0.04,751.0,0.92,0.98,0.016177676329718418,P,165,144
2026-08-27 02:17:00.799266+00:00,2026-09-02,766.0800170898438,0.04,752.0,1.02,1.08,0.016177676329718418,P,139,375
2026-08-27 02:17:00.799266+00:00,2026-09-02,766.0800170898438,0.04,753.0,1.13,1.19,0.016177676329718418,P,213,113
2026-08-27 02:17:00.799266+00:00,2026-09-02,766.0800170898438,0.04,754.0,1.25,1.31,0.016177676329718418,P,182,483
2026-08-27 02:17:00.799266+00:00,2026-09-02,766.0800170898438,0.04,755.0,1.42,1.44,0.016177676329718418,P,1278,643
2026-08-27 02:17:00.799266+00:00,2026-09-02,766.0800170898438,0.04,756.0,1.53,1.6,0.016177676329718418,P,165,282
2026-08-27 02:17:00.799266+00:00,2026-09-02,766.0800170898438,0.04,757.0,1.69,1.76,0.016177676329718418,P,54,446
2026-08-27 02:17:00.799266+00:00,2026-09-02,766.0800170898438,0.04,758.0,1.87,1.94,0.016177676329718418,P,123,472
2026-08-27 02:17:00.799266+00:00,2026-09-02,766.0800170898438,0.04,759.0,2.07,2.15,0.016177676329718418,P,73,501
2026-08-27 02:17:00.799266+00:00,2026-09-02,766.0800170898438,0.04,760.0,2.29,2.38,0.016177676329718418,P,453,843
2026-08-27 02:17:00.799266+00:00,2026-09-02,766.0800170898438,0.04,761.0,2.53,2.62,0.016177676329718418,P,63,442
2026-08-27 02:17:00.799266+00:00,2026-09-02,766.0800170898438,0.04,762.0,2.79,2.89,0.016177676329718418,P,384,350
2026-08-27 02:17:00.799266+00:00,2026-09-02,766.0800170898438,0.04,763.0,3.08,3.18,0.016177676329718418,P,1493,476
2026-08-27 02:17:00.799266+00:00,2026-09-02,766.0800170898438,0.04,764.0,3.4,3.5,0.016177676329718418,P,517,506
2026-08-27 02:17:00.799266+00:00,2026-09-02,766.0800170898438,0.04,765.0,3.74,3.85,0.016177676329718418,P,1191,618
2026-08-27 02:17:00.799266+00:00,2026-09-02,766.0800170898438,0.04,766.0,4.12,4.23,0.016177676329718418,P,2382,1044
2026-08-27 02:17:00.799266+00:00,2026-09-02,766.0800170898438,0.04,767.0,4.53,4.64,0.016177676329718418,P,212,187
2026-08-27 02:17:00.799266+00:00,2026-09-02,766.0800170898438,0.04,768.0,4.97,5.1,0.016177676329718418,P,31,197
2026-08-27 02:17:00.799266+00:00,2026-09-02,766.0800170898438,0.04,769.0,5.34,5.62,0.016177676329718418,P,296,83
2026-08-27 02:17:00.799266+00:00,2026-09-02,766.0800170898438,0.04,770.0,5.93,6.19,0.016177676329718418,P,378,293
2026-08-27 02:17:00.799266+00:00,2026-09-02,766.0800170898438,0.04,771.0,6.4,6.78,0.016177676329718418,P,36,10
2026-08-27 02:17:00.799266+00:00,2026-09-02,766.0800170898438,0.04,772.0,6.98,7.38,0.016177676329718418,P,12,37
2026-08-27 02:17:00.799266+00:00,2026-09-02,766.0800170898438,0.04,773.0,7.61,8.03,0.016177676329718418,P,11,75
2026-08-27 02:17:00.799266+00:00,2026-09-02,766.0800170898438,0.04,774.0,8.27,8.68,0.016177676329718418,P,9,66
2026-08-27 02:17:00.799266+00:00,2026-09-02,766.0800170898438,0.04,775.0,9.01,9.4,0.016177676329718418,P,520,61
2026-08-27 02:17:00.799266+00:00,2026-09-02,766.0800170898438,0.04,776.0,9.7,10.17,0.016177676329718418,P,962,33
2026-08-27 02:17:00.799266+00:00,2026-09-02,766.0800170898438,0.04,777.0,10.52,10.92,0.016177676329718418,P,2,25
2026-08-27 02:17:00.799266+00:00,2026-09-02,766.0800170898438,0.04,778.0,11.27,11.78,0.016177676329718418,P,1,1
2026-08-27 02:17:00.799266+00:00,2026-09-02,766.0800170898438,0.04,780.0,12.7,14.39,0.016177676329718418,P,50,6
2026-08-27 02:17:00.799266+00:00,2026-09-02,766.0800170898438,0.04,781.0,13.42,15.35,0.016177676329718418,P,266,4
2026-08-27 02:17:00.799266+00:00,2026-09-02,766.0800170898438,0.04,784.0,16.33,18.74,0.016177676329718418,P,,0
2026-08-27 02:17:00.799266+00:00,2026-09-02,766.0800170898438,0.04,785.0,17.32,19.73,0.016177676329718418,P,,0
2026-08-27 02:17:00.799266+00:00,2026-09-02,766.0800170898438,0.04,787.0,19.31,21.72,0.016177676329718418,P,4,0
2026-08-27 02:17:00.799266+00:00,2026-09-02,766.0800170898438,0.04,789.0,21.31,23.72,0.016177676329718418,P,,0
2026-08-27 02:17:00.799266+00:00,2026-09-02,766.0800170898438,0.04,790.0,22.57,24.72,0.016177676329718418,P,,0
2026-08-27 02:17:00.799266+00:00,2026-09-02,766.0800170898438,0.04,791.0,23.57,25.72,0.016177676329718418,P,,0
2026-08-27 02:17:00.799266+00:00,2026-09-02,766.0800170898438,0.04,792.0,24.57,26.71,0.016177676329718418,P,,0
2026-08-27 02:17:00.799266+00:00,2026-09-02,766.0800170898438,0.04,793.0,25.57,27.71,0.016177676329718418,P,,0
2026-08-27 02:17:00.799266+00:00,2026-09-02,766.0800170898438,0.04,795.0,27.57,29.71,0.016177676329718418,P,2,0
2026-08-27 02:17:00.799266+00:00,2026-09-02,766.0800170898438,0.04,796.0,28.57,30.71,0.016177676329718418,P,,0
2026-08-27 02:17:00.799266+00:00,2026-09-02,766.0800170898438,0.04,797.0,29.57,31.71,0.016177676329718418,P,,0
2026-08-27 02:17:00.799266+00:00,2026-09-02,766.0800170898438,0.04,798.0,30.56,32.71,0.016177676329718418,P,,0
2026-08-27 02:17:00.799266+00:00,2026-09-02,766.0800170898438,0.04,799.0,31.56,33.71,0.016177676329718418,P,,0
2026-08-27 02:17:00.799266+00:00,2026-09-02,766.0800170898438,0.04,800.0,32.56,34.71,0.016177676329718418,P,1,0
2026-08-27 02:17:00.799266+00:00,2026-09-02,766.0800170898438,0.04,801.0,33.56,35.71,0.016177676329718418,P,,0
2026-08-27 02:17:00.799266+00:00,2026-09-02,766.0800170898438,0.04,802.0,34.56,36.71,0.016177676329718418,P,,0
2026-08-27 02:17:00.799266+00:00,2026-09-02,766.0800170898438,0.04,803.0,35.56,37.71,0.016177676329718418,P,,0
2026-08-27 02:17:00.799266+00:00,2026-09-02,766.0800170898438,0.04,807.0,39.56,41.71,0.016177676329718418,P,,0
2026-08-27 02:17:00.799266+00:00,2026-09-02,766.0800170898438,0.04,809.0,41.56,43.71,0.016177676329718418,P,,0
